term,slug,find_path,distinct_vendors,category,match_slugs,note
vegetables,vegetables,/find/vegetables-toronto,86,vegetables,vegetables,
honey,honey,/find/honey-toronto,52,honey,honey,
tomatoes,tomatoes,/find/tomatoes-toronto,36,vegetables,tomatoes,
maple syrup,maple-syrup,/find/maple-syrup-toronto,35,maple,maple-syrup,
garlic,garlic,/find/garlic-toronto,34,vegetables,garlic,
eggs,eggs,/find/eggs-toronto,32,eggs,eggs,
cookies,cookies,/find/cookies-toronto,30,pies-and-sweets,cookies,
bread,bread,/find/bread-toronto,29,bread-and-bakery,bread,
carrots,carrots,/find/carrots-toronto,27,vegetables,carrots,
apples,apples,/find/apples-toronto,26,apples-and-fruit,apples,
beans,beans,/find/beans-toronto,25,vegetables,beans,
strawberries,strawberries,/find/strawberries-toronto,21,apples-and-fruit,strawberries,
beets,beets,/find/beets-toronto,23,vegetables,beets,
raspberries,raspberries,/find/raspberries-toronto,22,apples-and-fruit,raspberries,
herbs,herbs,/find/herbs-toronto,23,vegetables,herbs,
peppers,peppers,/find/peppers-toronto,23,vegetables,peppers,
fruit,fruit,/find/fruit-toronto,20,apples-and-fruit,fruit,
chicken,chicken,/find/chicken-toronto,20,meat-and-turkey,chicken,
cucumbers,cucumbers,/find/cucumbers-toronto,19,vegetables,cucumbers,
pies,pies,/find/pies-toronto,20,pies-and-sweets,pies,
potatoes,potatoes,/find/potatoes-toronto,19,vegetables,potatoes,
beef,beef,/find/beef-toronto,18,meat-and-turkey,beef,
eggplant,eggplant,/find/eggplant-toronto,17,vegetables,eggplant,
pork,pork,/find/pork-toronto,16,meat-and-turkey,pork,
butter tarts,butter-tarts,/find/butter-tarts-toronto,17,pies-and-sweets,butter-tarts,
cheese,cheese,/find/cheese-toronto,15,cheese-and-dairy,cheese,
onions,onions,/find/onions-toronto,15,vegetables,onions,
pumpkins,pumpkins,/find/pumpkins-toronto,12,vegetables,pumpkins,
sweet corn,sweet-corn,/find/sweet-corn-toronto,24,vegetables,sweet-corn|corn,absorbs corn
asparagus,asparagus,/find/asparagus-toronto,14,vegetables,asparagus,
blueberries,blueberries,/find/blueberries-toronto,10,apples-and-fruit,blueberries,
broccoli,broccoli,/find/broccoli-toronto,15,vegetables,broccoli,
kale,kale,/find/kale-toronto,14,vegetables,kale,
sausages,sausages,/find/sausages-toronto,15,meat-and-turkey,sausages,
soups,soups,/find/soups-toronto,14,prepared-foods,soups,
zucchini,zucchini,/find/zucchini-toronto,15,vegetables,zucchini,
cherries,cherries,/find/cherries-toronto,10,apples-and-fruit,cherries,
croissants,croissants,/find/croissants-toronto,13,bread-and-bakery,croissants,
jams,jams,/find/jams-toronto,13,preserves-and-sauces,jams,
lettuce,lettuce,/find/lettuce-toronto,13,vegetables,lettuce,
plums,plums,/find/plums-toronto,13,apples-and-fruit,plums,
spinach,spinach,/find/spinach-toronto,12,vegetables,spinach,
squash,squash,/find/squash-toronto,15,vegetables,squash,
tea,tea,/find/tea-toronto,15,coffee-and-tea,tea|matcha,absorbs matcha
coffee,coffee,/find/coffee-toronto,10,coffee-and-tea,coffee,
peaches,peaches,/find/peaches-toronto,13,apples-and-fruit,peaches,
pears,pears,/find/pears-toronto,12,apples-and-fruit,pears,
pickles,pickles,/find/pickles-toronto,12,preserves-and-sauces,pickles,
microgreens,microgreens,/find/microgreens-toronto,14,vegetables,microgreens,
radishes,radishes,/find/radishes-toronto,11,vegetables,radishes,
arugula,arugula,/find/arugula-toronto,10,vegetables,arugula,
cakes,cakes,/find/cakes-toronto,13,pies-and-sweets,cakes|cheesecake,absorbs cheesecake
cauliflower,cauliflower,/find/cauliflower-toronto,10,vegetables,cauliflower,
cinnamon buns,cinnamon-buns,/find/cinnamon-buns-toronto,9,pies-and-sweets,cinnamon-buns,
heirloom tomatoes,heirloom-tomatoes,/find/heirloom-tomatoes-toronto,10,vegetables,heirloom-tomatoes,
lamb,lamb,/find/lamb-toronto,10,meat-and-turkey,lamb,
peas,peas,/find/peas-toronto,10,vegetables,peas,
pizza,pizza,/find/pizza-toronto,10,prepared-foods,pizza,
preserves,preserves,/find/preserves-toronto,10,preserves-and-sauces,preserves,
scones,scones,/find/scones-toronto,11,bread-and-bakery,scones,
apple pie,apple-pie,/find/apple-pie-toronto,9,pies-and-sweets,apple-pie,
bagels,bagels,/find/bagels-toronto,11,bread-and-bakery,bagels,
brownies,brownies,/find/brownies-toronto,10,pies-and-sweets,brownies,
chocolate chip cookies,chocolate-chip-cookies,/find/chocolate-chip-cookies-toronto,10,pies-and-sweets,chocolate-chip-cookies,
focaccia,focaccia,/find/focaccia-toronto,9,bread-and-bakery,focaccia,
grass fed beef,grass-fed-beef,/find/grass-fed-beef-toronto,9,meat-and-turkey,grass-fed-beef,
leeks,leeks,/find/leeks-toronto,9,vegetables,leeks,
maple butter,maple-butter,/find/maple-butter-toronto,9,maple,maple-butter,
nectarines,nectarines,/find/nectarines-toronto,9,apples-and-fruit,nectarines,
pastries,pastries,/find/pastries-toronto,9,pies-and-sweets,pastries,
sandwiches,sandwiches,/find/sandwiches-toronto,10,prepared-foods,sandwiches,
apricots,apricots,/find/apricots-toronto,8,apples-and-fruit,apricots,
bacon,bacon,/find/bacon-toronto,8,meat-and-turkey,bacon,
butter chicken,butter-chicken,/find/butter-chicken-toronto,8,prepared-foods,butter-chicken,
cherry tomatoes,cherry-tomatoes,/find/cherry-tomatoes-toronto,8,vegetables,cherry-tomatoes,
comb honey,comb-honey,/find/comb-honey-toronto,8,honey,comb-honey,
creamed honey,creamed-honey,/find/creamed-honey-toronto,8,honey,creamed-honey,
cupcakes,cupcakes,/find/cupcakes-toronto,8,pies-and-sweets,cupcakes,
dried fruits,dried-fruits,/find/dried-fruits-toronto,8,nuts-and-snacks,dried-fruits,
green beans,green-beans,/find/green-beans-toronto,8,vegetables,green-beans,
meats,meats,/find/meats-toronto,8,meat-and-turkey,meats,
rhubarb,rhubarb,/find/rhubarb-toronto,8,apples-and-fruit,rhubarb,
smoothies,smoothies,/find/smoothies-toronto,8,beverages,smoothies,
tarts,tarts,/find/tarts-toronto,9,pies-and-sweets,tarts,
bee pollen,bee-pollen,/find/bee-pollen-toronto,7,honey,bee-pollen,
burgers,burgers,/find/burgers-toronto,7,prepared-foods,burgers,
grapes,grapes,/find/grapes-toronto,5,apples-and-fruit,grapes,
jellies,jellies,/find/jellies-toronto,7,preserves-and-sauces,jellies,
muffins,muffins,/find/muffins-toronto,7,bread-and-bakery,muffins,
mushrooms,mushrooms,/find/mushrooms-toronto,14,vegetables,mushrooms,
pepperettes,pepperettes,/find/pepperettes-toronto,7,meat-and-turkey,pepperettes,
romaine lettuce,romaine-lettuce,/find/romaine-lettuce-toronto,7,vegetables,romaine-lettuce,
rosemary,rosemary,/find/rosemary-toronto,7,vegetables,rosemary,
sauces,sauces,/find/sauces-toronto,7,preserves-and-sauces,sauces,
spices,spices,/find/spices-toronto,7,preserves-and-sauces,spices,
summer sausage,summer-sausage,/find/summer-sausage-toronto,8,meat-and-turkey,summer-sausage,
sweet potatoes,sweet-potatoes,/find/sweet-potatoes-toronto,6,vegetables,sweet-potatoes,
tacos,tacos,/find/tacos-toronto,7,prepared-foods,tacos,
turkey,turkey,/find/turkey-toronto,8,meat-and-turkey,turkey,
almond croissant,almond-croissant,/find/almond-croissant-toronto,6,bread-and-bakery,almond-croissant,
apple butter,apple-butter,/find/apple-butter-toronto,6,preserves-and-sauces,apple-butter,
basil,basil,/find/basil-toronto,6,vegetables,basil,
blackberries,blackberries,/find/blackberries-toronto,6,apples-and-fruit,blackberries,
bok choy,bok-choy,/find/bok-choy-toronto,9,vegetables,bok-choy,
free range chicken,free-range-chicken,/find/free-range-chicken-toronto,7,meat-and-turkey,free-range-chicken,
honeycomb,honeycomb,/find/honeycomb-toronto,6,honey,honeycomb,
hot sauce,hot-sauce,/find/hot-sauce-toronto,6,preserves-and-sauces,hot-sauce,
meat pies,meat-pies,/find/meat-pies-toronto,10,prepared-foods,meat-pies,
okra,okra,/find/okra-toronto,6,vegetables,okra,
olive oil,olive-oil,/find/olive-oil-toronto,6,preserves-and-sauces,olive-oil,
peameal bacon,peameal-bacon,/find/peameal-bacon-toronto,8,meat-and-turkey,peameal-bacon,
sausage roll,sausage-roll,/find/sausage-roll-toronto,6,prepared-foods,sausage-roll,
apple cider,apple-cider,/find/apple-cider-toronto,5,beverages,apple-cider,
apple fritter,apple-fritter,/find/apple-fritter-toronto,5,pies-and-sweets,apple-fritter,
baked goods,baked-goods,/find/baked-goods-toronto,5,bread-and-bakery,baked-goods,
black garlic,black-garlic,/find/black-garlic-toronto,6,vegetables,black-garlic,
breakfast sausage,breakfast-sausage,/find/breakfast-sausage-toronto,5,meat-and-turkey,breakfast-sausage,
broccoli microgreens,broccoli-microgreens,/find/broccoli-microgreens-toronto,5,vegetables,broccoli-microgreens,
cabbage,cabbage,/find/cabbage-toronto,6,vegetables,cabbage,
caesar salad,caesar-salad,/find/caesar-salad-toronto,5,prepared-foods,caesar-salad,
chutneys,chutneys,/find/chutneys-toronto,5,preserves-and-sauces,chutneys,
desserts,desserts,/find/desserts-toronto,6,pies-and-sweets,desserts,
dill,dill,/find/dill-toronto,5,vegetables,dill,
donuts,donuts,/find/donuts-toronto,5,pies-and-sweets,donuts,
fish,fish,/find/fish-toronto,6,seafood,fish,
garlic powder,garlic-powder,/find/garlic-powder-toronto,5,preserves-and-sauces,garlic-powder,
garlic scapes,garlic-scapes,/find/garlic-scapes-toronto,5,vegetables,garlic-scapes,
greek salad,greek-salad,/find/greek-salad-toronto,5,prepared-foods,greek-salad,
green onions,green-onions,/find/green-onions-toronto,5,vegetables,green-onions,
greens,greens,/find/greens-toronto,5,vegetables,greens,
ice cream,ice-cream,/find/ice-cream-toronto,5,pies-and-sweets,ice-cream,
jerk chicken,jerk-chicken,/find/jerk-chicken-toronto,6,prepared-foods,jerk-chicken,
juices,juices,/find/juices-toronto,5,beverages,juices,
lemonade,lemonade,/find/lemonade-toronto,5,beverages,lemonade,
melons,melons,/find/melons-toronto,5,apples-and-fruit,melons,
milk,milk,/find/milk-toronto,5,cheese-and-dairy,milk,
parsley,parsley,/find/parsley-toronto,5,vegetables,parsley,
parsnips,parsnips,/find/parsnips-toronto,5,vegetables,parsnips,
perogies,perogies,/find/perogies-toronto,6,prepared-foods,perogies,
poultry,poultry,/find/poultry-toronto,5,meat-and-turkey,poultry,
pumpkin pie,pumpkin-pie,/find/pumpkin-pie-toronto,5,pies-and-sweets,pumpkin-pie,
quiche,quiche,/find/quiche-toronto,8,prepared-foods,quiche,
riesling,riesling,/find/riesling-toronto,5,alcohol,riesling,
salads,salads,/find/salads-toronto,5,vegetables,salads,
thyme,thyme,/find/thyme-toronto,5,vegetables,thyme,
turnip,turnip,/find/turnip-toronto,5,vegetables,turnip,
citrus,citrus,/find/citrus-toronto,7,apples-and-fruit,lemon|oranges|limes|clementines|grapefruit|mandarins,"new; merges lemon, oranges (+limes, clementines, grapefruit)"
tropical fruit,tropical-fruit,/find/tropical-fruit-toronto,5,apples-and-fruit,mango|pineapple|bananas|passion-fruit|guava|papaya|coconut|lychee,"new; merges mango, pineapple, bananas"
